{
    "FID_latent/bw2baidumap": 336.1227624093922,
    "FID_latent/googlemap2baidumap": 336.7605654751007,
    "FID_latent/osm2baidumap": 335.643353962793,
    "FID_latent/satellite2baidumap": 337.2313616167342,
    "FID_latent/thunderforest2baidumap": 336.5924347280339,
    "FID_latent/wm2baidumap": 335.6861423996468,
    "FID_latent/baidumap2bw": 413.8982279300552,
    "FID_latent/googlemap2bw": 413.24992057754696,
    "FID_latent/osm2bw": 412.3960715726327,
    "FID_latent/satellite2bw": 413.3847811006368,
    "FID_latent/thunderforest2bw": 412.69417505684885,
    "FID_latent/wm2bw": 412.66928367294645,
    "FID_latent/baidumap2googlemap": 339.35462209639473,
    "FID_latent/bw2googlemap": 337.5182008384478,
    "FID_latent/osm2googlemap": 337.19211101462906,
    "FID_latent/satellite2googlemap": 338.0202056584047,
    "FID_latent/thunderforest2googlemap": 337.99434352506944,
    "FID_latent/wm2googlemap": 337.7923480096011,
    "FID_latent/baidumap2osm": 483.2382129633286,
    "FID_latent/bw2osm": 479.92411601095614,
    "FID_latent/googlemap2osm": 483.1746111367948,
    "FID_latent/satellite2osm": 480.92617693704835,
    "FID_latent/thunderforest2osm": 477.94445016559075,
    "FID_latent/wm2osm": 481.1206720624969,
    "FID_latent/baidumap2satellite": 462.27505809062245,
    "FID_latent/bw2satellite": 460.4382009589344,
    "FID_latent/googlemap2satellite": 461.47150763710636,
    "FID_latent/osm2satellite": 460.5770145267091,
    "FID_latent/thunderforest2satellite": 460.17304773337946,
    "FID_latent/wm2satellite": 460.56580792296575,
    "FID_latent/baidumap2thunderforest": 412.44210858154355,
    "FID_latent/bw2thunderforest": 411.3037181880985,
    "FID_latent/googlemap2thunderforest": 411.27686507647485,
    "FID_latent/osm2thunderforest": 411.21015038802886,
    "FID_latent/satellite2thunderforest": 411.45271764421375,
    "FID_latent/wm2thunderforest": 410.96741491369124,
    "FID_latent/baidumap2wm": 458.47962438678934,
    "FID_latent/bw2wm": 455.6138699434755,
    "FID_latent/googlemap2wm": 457.9208823095285,
    "FID_latent/osm2wm": 455.78051395668473,
    "FID_latent/satellite2wm": 456.98866913994505,
    "FID_latent/thunderforest2wm": 456.4304138373112,
    "FID_latent/mean": 413.9499222894435
}