{
    "FID_reference/bw2baidumap": 338.2256070912114,
    "FID_reference/googlemap2baidumap": 339.6680798035995,
    "FID_reference/osm2baidumap": 339.51451772375674,
    "FID_reference/satellite2baidumap": 338.7386882098022,
    "FID_reference/thunderforest2baidumap": 340.391851459985,
    "FID_reference/wm2baidumap": 339.27355549101185,
    "FID_reference/baidumap2bw": 406.95682370952386,
    "FID_reference/googlemap2bw": 405.5639167260714,
    "FID_reference/osm2bw": 405.8244524385592,
    "FID_reference/satellite2bw": 406.8939724802934,
    "FID_reference/thunderforest2bw": 405.310834362283,
    "FID_reference/wm2bw": 405.94833537908414,
    "FID_reference/baidumap2googlemap": 317.0656209560317,
    "FID_reference/bw2googlemap": 316.68620308375387,
    "FID_reference/osm2googlemap": 316.8793414717634,
    "FID_reference/satellite2googlemap": 316.92969332299765,
    "FID_reference/thunderforest2googlemap": 316.9506033975111,
    "FID_reference/wm2googlemap": 316.78719226820385,
    "FID_reference/baidumap2osm": 509.93296239955407,
    "FID_reference/bw2osm": 511.0138368281745,
    "FID_reference/googlemap2osm": 510.3728794441711,
    "FID_reference/satellite2osm": 510.50760851382125,
    "FID_reference/thunderforest2osm": 511.177343028337,
    "FID_reference/wm2osm": 510.48816871850534,
    "FID_reference/baidumap2satellite": 401.54002211616796,
    "FID_reference/bw2satellite": 401.5441751712696,
    "FID_reference/googlemap2satellite": 401.7461801608562,
    "FID_reference/osm2satellite": 401.45716738622184,
    "FID_reference/thunderforest2satellite": 401.8943179625037,
    "FID_reference/wm2satellite": 401.7296159369275,
    "FID_reference/baidumap2thunderforest": 424.43233239844324,
    "FID_reference/bw2thunderforest": 424.4863590157481,
    "FID_reference/googlemap2thunderforest": 424.150101768048,
    "FID_reference/osm2thunderforest": 424.1936879789945,
    "FID_reference/satellite2thunderforest": 423.85306607960257,
    "FID_reference/wm2thunderforest": 424.0184018057988,
    "FID_reference/baidumap2wm": 422.22425382889026,
    "FID_reference/bw2wm": 419.85035926738175,
    "FID_reference/googlemap2wm": 421.1918557830358,
    "FID_reference/osm2wm": 420.60500114459563,
    "FID_reference/satellite2wm": 419.9870379897359,
    "FID_reference/thunderforest2wm": 421.2584600283475,
    "FID_reference/mean": 402.7920115269185
}