{
    "LPIPS_reference/bw2baidumap": 0.2933678499289921,
    "LPIPS_reference/googlemap2baidumap": 0.28572461009025574,
    "LPIPS_reference/osm2baidumap": 0.2812298366001674,
    "LPIPS_reference/satellite2baidumap": 0.2834402546286583,
    "LPIPS_reference/thunderforest2baidumap": 0.27762770652770996,
    "LPIPS_reference/wm2baidumap": 0.28421227633953094,
    "LPIPS_reference/baidumap2bw": 0.27009302377700806,
    "LPIPS_reference/googlemap2bw": 0.27631693333387375,
    "LPIPS_reference/osm2bw": 0.27692088910511564,
    "LPIPS_reference/satellite2bw": 0.2683427408337593,
    "LPIPS_reference/thunderforest2bw": 0.2727329954504967,
    "LPIPS_reference/wm2bw": 0.27767580321856905,
    "LPIPS_reference/baidumap2googlemap": 0.3023791164159775,
    "LPIPS_reference/bw2googlemap": 0.3014963056359972,
    "LPIPS_reference/osm2googlemap": 0.3010143552507673,
    "LPIPS_reference/satellite2googlemap": 0.3067575693130493,
    "LPIPS_reference/thunderforest2googlemap": 0.29916634410619736,
    "LPIPS_reference/wm2googlemap": 0.3055119216442108,
    "LPIPS_reference/baidumap2osm": 0.06352832168340683,
    "LPIPS_reference/bw2osm": 0.06084665868963514,
    "LPIPS_reference/googlemap2osm": 0.06374871637672186,
    "LPIPS_reference/satellite2osm": 0.061307383701205254,
    "LPIPS_reference/thunderforest2osm": 0.062092313542962074,
    "LPIPS_reference/wm2osm": 0.06167197121041162,
    "LPIPS_reference/baidumap2satellite": 0.29481489956378937,
    "LPIPS_reference/bw2satellite": 0.2938103973865509,
    "LPIPS_reference/googlemap2satellite": 0.29331430047750473,
    "LPIPS_reference/osm2satellite": 0.29200147305216106,
    "LPIPS_reference/thunderforest2satellite": 0.2930636331439018,
    "LPIPS_reference/wm2satellite": 0.29101728541510447,
    "LPIPS_reference/baidumap2thunderforest": 0.026135696098208427,
    "LPIPS_reference/bw2thunderforest": 0.02284102008811065,
    "LPIPS_reference/googlemap2thunderforest": 0.02554695587605238,
    "LPIPS_reference/osm2thunderforest": 0.02593798695930413,
    "LPIPS_reference/satellite2thunderforest": 0.02759798849001527,
    "LPIPS_reference/wm2thunderforest": 0.026392835325428417,
    "LPIPS_reference/baidumap2wm": 0.29081355035305023,
    "LPIPS_reference/bw2wm": 0.3008779500211988,
    "LPIPS_reference/googlemap2wm": 0.2807202525436878,
    "LPIPS_reference/osm2wm": 0.2992480482373919,
    "LPIPS_reference/satellite2wm": 0.3030306324362755,
    "LPIPS_reference/thunderforest2wm": 0.2929591238498688,
    "LPIPS_reference/mean": 0.21946023635053058
}