{
    "LPIPS_latent/bw2baidumap": 0.05700887739658356,
    "LPIPS_latent/googlemap2baidumap": 0.05691614281386137,
    "LPIPS_latent/osm2baidumap": 0.058324363082647324,
    "LPIPS_latent/satellite2baidumap": 0.05633377842605114,
    "LPIPS_latent/thunderforest2baidumap": 0.05629050172865391,
    "LPIPS_latent/wm2baidumap": 0.05856070241757801,
    "LPIPS_latent/baidumap2bw": 0.08605591952800751,
    "LPIPS_latent/googlemap2bw": 0.08575239405035973,
    "LPIPS_latent/osm2bw": 0.08291323057242803,
    "LPIPS_latent/satellite2bw": 0.08338883891701698,
    "LPIPS_latent/thunderforest2bw": 0.08483305387198925,
    "LPIPS_latent/wm2bw": 0.08058450583900724,
    "LPIPS_latent/baidumap2googlemap": 0.03360994532704353,
    "LPIPS_latent/bw2googlemap": 0.032232507531132014,
    "LPIPS_latent/osm2googlemap": 0.03412731098277228,
    "LPIPS_latent/satellite2googlemap": 0.03454691544175148,
    "LPIPS_latent/thunderforest2googlemap": 0.03208386991173029,
    "LPIPS_latent/wm2googlemap": 0.03195179173988955,
    "LPIPS_latent/baidumap2osm": 0.06261470355093479,
    "LPIPS_latent/bw2osm": 0.06213601465736117,
    "LPIPS_latent/googlemap2osm": 0.061098131351172924,
    "LPIPS_latent/satellite2osm": 0.06461101677268744,
    "LPIPS_latent/thunderforest2osm": 0.06386641133576632,
    "LPIPS_latent/wm2osm": 0.060658982289688926,
    "LPIPS_latent/baidumap2satellite": 0.08587118610739708,
    "LPIPS_latent/bw2satellite": 0.08225458434649877,
    "LPIPS_latent/googlemap2satellite": 0.08600425161421299,
    "LPIPS_latent/osm2satellite": 0.08214748757226127,
    "LPIPS_latent/thunderforest2satellite": 0.08567574433982372,
    "LPIPS_latent/wm2satellite": 0.0832376458815166,
    "LPIPS_latent/baidumap2thunderforest": 0.04530622996389866,
    "LPIPS_latent/bw2thunderforest": 0.044533858341830115,
    "LPIPS_latent/googlemap2thunderforest": 0.04268629755824804,
    "LPIPS_latent/osm2thunderforest": 0.0438204397048269,
    "LPIPS_latent/satellite2thunderforest": 0.04534914903342724,
    "LPIPS_latent/wm2thunderforest": 0.04505649262240955,
    "LPIPS_latent/baidumap2wm": 0.07344195619225502,
    "LPIPS_latent/bw2wm": 0.0735677501985005,
    "LPIPS_latent/googlemap2wm": 0.07554219663143158,
    "LPIPS_latent/osm2wm": 0.07234260120562144,
    "LPIPS_latent/satellite2wm": 0.07001587748527527,
    "LPIPS_latent/thunderforest2wm": 0.07515581883490086,
    "LPIPS_latent/mean": 0.0626787970754869
}